idu,nom_com,code_dep,section,numero,area_m2,built_m2,built_pct,zone_name
93078000AX0002,Villepinte,93,AX,0002,21762.0,0.0,0.0,
93066000BK0014,Saint-Denis,93,BK,0014,21476.0,0.0,0.0,Equinix
930270000F0144,La Courneuve,93,0F,0144,24054.0,0.0,0.0,Chaufferie 4000 Nord
930660590I0015,Saint-Denis,93,0I,0015,22653.0,0.0,0.0,
93029000AO0161,Drancy,93,AO,0161,20838.0,0.0,0.0,
93029000AO0164,Drancy,93,AO,0164,26411.0,0.0,0.0,
930010000P0167,Aubervilliers,93,0P,0167,23502.0,0.0,0.0,
93073000BD0017,Tremblay-en-France,93,BD,0017,26318.0,0.0,0.0,
930550000S0018,Pantin,93,0S,0018,23407.0,0.0,0.0,
930270000N0182,La Courneuve,93,0N,0182,20528.0,0.0,0.0,
930480000G0183,Montreuil,93,0G,0183,21379.0,0.0,0.0,
93007000BI0019,Le Blanc-Mesnil,93,BI,0019,20253.0,0.0,0.0,Zone d'Activités du Coudray
93005000DW0019,Aulnay-sous-Bois,93,DW,0019,20999.0,0.0,0.0,Zone Industrielle Les Mardelles
930130000O0002,Le Bourget,93,0O,0002,21332.0,0.0,0.0,Zone industrielle Vaillant
930660590R0139,Saint-Denis,93,0R,0139,23414.0,0.0,0.0,
93007000BD0002,Le Blanc-Mesnil,93,BD,0002,20158.0,0.0,0.0,Zone Industrielle de la Molette
930390000D0020,L'Île-Saint-Denis,93,0D,0020,25655.0,0.0,0.0,
930270000R0205,La Courneuve,93,0R,0205,20096.0,0.0,0.0,Zone Industrielle Rateau
93010000AQ0210,Bondy,93,AQ,0210,22147.0,0.0,0.0,Centre Technique Municipal
930270000N0212,La Courneuve,93,0N,0212,20329.0,0.0,0.0,
93005000AZ0214,Aulnay-sous-Bois,93,AZ,0214,23743.0,0.0,0.0,Zone Industrielle Chanteloup
93010000BE0215,Bondy,93,BE,0215,23982.0,0.0,0.0,
930700000J0023,Saint-Ouen-sur-Seine,93,0J,0023,24485.0,0.0,0.0,VALAD Parc des Docks
93050000AW0238,Neuilly-sur-Marne,93,AW,0238,28402.0,0.0,0.0,
930270000N0240,La Courneuve,93,0N,0240,20698.0,0.0,0.0,
93050000AO0249,Neuilly-sur-Marne,93,AO,0249,20000.0,0.0,0.0,
930660590I0025,Saint-Denis,93,0I,0025,25164.0,0.0,0.0,
920360000P0087,Gennevilliers,92,0P,0087,20553.0,0.0,0.0,
920500000O0005,Nanterre,92,0O,0005,28928.0,0.0,0.0,Autocars Delion
920360000H0055,Gennevilliers,92,0H,0055,23989.0,0.0,0.0,Thales SIX GTS France
92063000AM0722,Rueil-Malmaison,92,AM,0722,20172.0,0.0,0.0,
92048000AL0729,Meudon,92,AL,0729,20300.0,0.0,0.0,
920360000D0074,Gennevilliers,92,0D,0074,25207.0,0.0,0.0,
92036000AO0075,Gennevilliers,92,AO,0075,25986.0,0.0,0.0,
920400000C0077,Issy-les-Moulineaux,92,0C,0077,20463.0,0.0,0.0,Centre de tri et d'incinération des déchets Isséane
920360000D0008,Gennevilliers,92,0D,0008,27220.0,0.0,0.0,
920360000F0008,Gennevilliers,92,0F,0008,25112.0,0.0,0.0,Port de Gennevilliers
920360000D0083,Gennevilliers,92,0D,0083,27298.0,0.0,0.0,Mole 2-3
920500000D0085,Nanterre,92,0D,0085,20566.0,0.0,0.0,Dépot Pétrolier de Nanterre (DPN SAS)
920360000F0086,Gennevilliers,92,0F,0086,23896.0,0.0,0.0,Port de Gennevilliers
930720000L0251,Stains,93,0L,0251,25254.0,0.0,0.0,
920600000X0087,Le Plessis-Robinson,92,0X,0087,27821.0,0.0,0.0,Renault Novadis
920500000D0098,Nanterre,92,0D,0098,22955.0,0.0,0.0,Dépot Pétrolier de Nanterre (DPN SAS)
930270000O0366,La Courneuve,93,0O,0366,20723.0,0.0,0.0,
93005000BS0057,Aulnay-sous-Bois,93,BS,0057,22686.0,0.0,0.0,Zone Industrielle Chanteloup
93051000CI0001,Noisy-le-Grand,93,CI,0001,26643.0,0.0,0.0,
930730000C1037,Tremblay-en-France,93,0C,1037,23313.0,0.0,0.0,
930730000C1105,Tremblay-en-France,93,0C,1105,28636.0,0.0,0.0,
93078000AV0112,Villepinte,93,AV,0112,28362.0,0.0,0.0,Centre Technique Municipal
93078000ZH1204,Villepinte,93,ZH,1204,20883.0,0.0,0.0,Central Parc
93078000ZH1208,Villepinte,93,ZH,1208,21905.0,0.0,0.0,Société Nouvelle Cpl - Veolia Transport
930720000T0125,Stains,93,0T,0125,23310.0,0.0,0.0,
930720000B0132,Stains,93,0B,0132,21033.0,0.0,0.0,
930660000C0076,Saint-Denis,93,0C,0076,20797.0,0.0,0.0,RATP Centre Bus de Saint-Denis
93066000BL0053,Saint-Denis,93,BL,0053,20582.0,0.0,0.0,Bergerat Monnoyeur
930630000K0054,Romainville,93,0K,0054,22058.0,0.0,0.0,
93029000AT0056,Drancy,93,AT,0056,25854.0,0.0,0.0,
93073000ZB0057,Tremblay-en-France,93,ZB,0057,21327.0,0.0,0.0,
930720000F0583,Stains,93,0F,0583,26229.0,0.0,0.0,
93050000AK0590,Neuilly-sur-Marne,93,AK,0590,29867.0,0.0,0.0,
930570000B0066,Les Pavillons-sous-Bois,93,0B,0066,20757.0,0.0,0.0,
930630000G0067,Romainville,93,0G,0067,25890.0,0.0,0.0,
93005000DX0067,Aulnay-sous-Bois,93,DX,0067,21231.0,0.0,0.0,Zone Industrielle La Garenne
930630000G0068,Romainville,93,0G,0068,28352.0,0.0,0.0,
930530000L0069,Noisy-le-Sec,93,0L,0069,27033.0,0.0,0.0,SNCF - Technicentre de Paris-Est - Site de Noisy
93005000DX0069,Aulnay-sous-Bois,93,DX,0069,24686.0,0.0,0.0,Zone Industrielle La Garenne
930640000C0502,Rosny-sous-Bois,93,0C,0502,26105.0,0.0,0.0,
930450000M0076,Les Lilas,93,0M,0076,26092.0,0.0,0.0,Centre bus Paris est - Site des Lilas
93005000DX0076,Aulnay-sous-Bois,93,DX,0076,22605.0,0.0,0.0,Zone Industrielle Les Mardelles
93031000AZ0079,Épinay-sur-Seine,93,AZ,0079,22072.0,0.0,0.0,Zone d'Activité Economique de la Route de Saint-Leu
93005000DH0008,Aulnay-sous-Bois,93,DH,0008,24632.0,0.0,0.0,Garonor Ouest
930130000P0083,Le Bourget,93,0P,0083,21464.0,0.0,0.0,Zone industrielle du Commandant Rolland
930270000K0091,La Courneuve,93,0K,0091,29498.0,0.0,0.0,Parc d'activité la Comète
93066000AF0095,Saint-Denis,93,AF,0095,23721.0,0.0,0.0,
94021000AB0055,Chevilly-Larue,94,AB,0055,20012.0,0.0,0.0,Zone delta Rungis
94028000BR0055,Créteil,94,BR,0055,21539.0,0.0,0.0,Créteil Incinération Energie
94081000DK0056,Vitry-sur-Seine,94,DK,0056,20359.0,0.0,0.0,
94004000AB0568,Boissy-Saint-Léger,94,AB,0568,23569.0,0.0,0.0,Centre Technique Municipal de Sucy en Brie
94054000AF0057,Orly,94,AF,0057,23173.0,0.0,0.0,Site de Maintenance et de Remisage du Tramway T9
93005000BS0037,Aulnay-sous-Bois,93,BS,0037,26283.0,0.0,0.0,Zone Industrielle Chanteloup
93064000BG0265,Rosny-sous-Bois,93,BG,0265,21059.0,0.0,0.0,ZAC de la Garenne
930010000P0286,Aubervilliers,93,0P,0286,29763.0,0.0,0.0,
930720000K0297,Stains,93,0K,0297,26773.0,0.0,0.0,
930700000J0030,Saint-Ouen-sur-Seine,93,0J,0030,22181.0,0.0,0.0,Centrale CPCU de Saint-Ouen
930730000B0300,Tremblay-en-France,93,0B,0300,22468.0,0.0,0.0,
93032000CI0312,Gagny,93,CI,0312,24908.0,0.0,0.0,
930270000O0340,La Courneuve,93,0O,0340,27784.0,0.0,0.0,
93066000AF0035,Saint-Denis,93,AF,0035,29985.0,0.0,0.0,
930390000D0036,L'Île-Saint-Denis,93,0D,0036,23159.0,0.0,0.0,
93073000ZA0360,Tremblay-en-France,93,ZA,0360,26797.0,0.0,0.0,
93051000BC0365,Noisy-le-Grand,93,BC,0365,22516.0,0.0,0.0,
93073000ZA0367,Tremblay-en-France,93,ZA,0367,24160.0,0.0,0.0,
920360000I0496,Gennevilliers,92,0I,0496,20239.0,0.0,0.0,Thales SIX GTS France
93073000ZA0385,Tremblay-en-France,93,ZA,0385,22957.0,0.0,0.0,
93073000AY0386,Tremblay-en-France,93,AY,0386,24498.0,0.0,0.0,ZAC Tremblay Charles-de-Gaulle
93073000ZA0386,Tremblay-en-France,93,ZA,0386,28216.0,0.0,0.0,
930570000C0039,Les Pavillons-sous-Bois,93,0C,0039,20405.0,0.0,0.0,
930130000P0040,Le Bourget,93,0P,0040,23571.0,0.0,0.0,Zone industrielle du Commandant Rolland
930100000H0400,Bondy,93,0H,0400,21765.0,0.0,0.0,Centrale à béton
93073000ZA0428,Tremblay-en-France,93,ZA,0428,27088.0,0.0,0.0,
930720000K0429,Stains,93,0K,0429,21553.0,0.0,0.0,
93073000ZA0441,Tremblay-en-France,93,ZA,0441,28993.0,0.0,0.0,
930010000O0045,Aubervilliers,93,0O,0045,22484.0,0.0,0.0,
93073000BE0048,Tremblay-en-France,93,BE,0048,27914.0,0.0,0.0,DHL Global Forwarding
930660590S0005,Saint-Denis,93,0S,0005,20889.0,0.0,0.0,
91570000AV0338,Saint-Michel-sur-Orge,91,AV,0338,23654.0,0.0,0.0,ZAC Techniparc
916890000T0299,Wissous,91,0T,0299,21376.0,0.0,0.0,
91521000AT0003,Ris-Orangis,91,AT,0003,24742.0,0.0,0.0,
91687000AR0030,Viry-Châtillon,91,AR,0030,20256.0,0.0,0.0,Zone industrielle des Noues de Seine
91340000BC0030,Lisses,91,BC,0030,20814.0,0.0,0.0,
91223000ZI0308,Étampes,91,ZI,0308,28436.0,0.0,0.0,Zone d'activités du Bois Bourdon
91161000AP0318,Chilly-Mazarin,91,AP,0318,24261.0,0.0,0.0,Zone industrielle du Chemin Blanc
91161000AP0326,Chilly-Mazarin,91,AP,0326,28722.0,0.0,0.0,Zone industrielle du Chemin Blanc
91570000AV0327,Saint-Michel-sur-Orge,91,AV,0327,21387.0,0.0,0.0,ZAC Techniparc
91687000AE0033,Viry-Châtillon,91,AE,0033,20894.0,0.0,0.0,
91228182AI0033,Évry-Courcouronnes,91,AI,0033,23602.0,0.0,0.0,
91687000AR0033,Viry-Châtillon,91,AR,0033,20785.0,0.0,0.0,Zone industrielle des Noues de Seine
91552000BA0033,Saint-Germain-lès-Arpajon,91,BA,0033,21812.0,0.0,0.0,
91235000AN0337,Fleury-Mérogis,91,AN,0337,21860.0,0.0,0.0,ZI La Marinière
913190000D0297,Janvry,91,0D,0297,27951.0,0.0,0.0,
91201000AM0339,Draveil,91,AM,0339,22000.0,0.0,0.0,
91016000YE0035,Angerville,91,YE,0035,28245.0,0.0,0.0,
91617000AK0353,Tigery,91,AK,0353,22259.0,0.0,0.0,
916890000Y0355,Wissous,91,0Y,0355,29291.0,0.0,0.0,
910270000O0036,Athis-Mons,91,0O,0036,21774.0,0.0,0.0,Allo Casse Auto
91345000AB0036,Longjumeau,91,AB,0036,29244.0,0.0,0.0,ZAE de la Vigne aux Loups
913760000A0365,Marolles-en-Hurepoix,91,0A,0365,20170.0,0.0,0.0,
913760000A0367,Marolles-en-Hurepoix,91,0A,0367,21468.0,0.0,0.0,Zone d'Activités de la Marnière
91340000AL0368,Lisses,91,AL,0368,28007.0,0.0,0.0,Parc Technologique du Bois Chaland
913760000A0369,Marolles-en-Hurepoix,91,0A,0369,25194.0,0.0,0.0,Zone d'Activités de la Marnière
91461000AC0037,Ollainville,91,AC,0037,29408.0,0.0,0.0,
91174000BT0371,Corbeil-Essonnes,91,BT,0371,21796.0,0.0,0.0,
910270000O0026,Athis-Mons,91,0O,0026,21700.0,0.0,0.0,
91103000BC0207,Brétigny-sur-Orge,91,BC,0207,24693.0,0.0,0.0,Parc d'Activité Maison Neuve - Les Cochets
91235000AN0208,Fleury-Mérogis,91,AN,0208,20565.0,0.0,0.0,ZI La Marinière
91376000AH0211,Marolles-en-Hurepoix,91,AH,0211,25115.0,0.0,0.0,
91521000AO0022,Ris-Orangis,91,AO,0022,25000.0,0.0,0.0,
91494000AP0022,Le Plessis-Pâté,91,AP,0022,23287.0,0.0,0.0,ZAC de la Tremblaie
91103000BC0235,Brétigny-sur-Orge,91,BC,0235,24870.0,0.0,0.0,Parc d'Activité Maison Neuve - Les Cochets
91340000AE0236,Lisses,91,AE,0236,24641.0,0.0,0.0,
953940000D0137,Méry-sur-Oise,95,0D,0137,22875.0,0.0,0.0,"Les Bosquets (I,II,IV)"
91659000AD0024,Villabé,91,AD,0024,24550.0,0.0,0.0,Parc d'activités La Petite Nacelle
914050000D0025,Milly-la-Forêt,91,0D,0025,26019.0,0.0,0.0,Darégal
91659000AD0025,Villabé,91,AD,0025,25450.0,0.0,0.0,Parc d'activités La Petite Nacelle
916890000W0250,Wissous,91,0W,0250,21343.0,0.0,0.0,
91315000AH0377,Itteville,91,AH,0377,21484.0,0.0,0.0,
91659000AD0026,Villabé,91,AD,0026,20738.0,0.0,0.0,Parc d'activités La Petite Nacelle
91666000AH0026,Villejust,91,AH,0026,23549.0,0.0,0.0,Siom de la Vallée de Chevreuse
91659000AM0026,Villabé,91,AM,0026,28778.0,0.0,0.0,Parc d'activités Les Quarante-quatre Arpents
91617000AL0027,Tigery,91,AL,0027,29943.0,0.0,0.0,
912040000A0278,Écharcon,91,0A,0278,27184.0,0.0,0.0,
911290000F0028,Cerny,91,0F,0028,29298.0,0.0,0.0,Dépôt Pétrolier
91570000AV0281,Saint-Michel-sur-Orge,91,AV,0281,25619.0,0.0,0.0,ZAC Techniparc
91692000BR0287,Les Ulis,91,BR,0287,28686.0,0.0,0.0,
910640000N0029,Bièvres,91,0N,0029,22020.0,0.0,0.0,
91161000AN0029,Chilly-Mazarin,91,AN,0029,29000.0,0.0,0.0,ZAE de la Vigne aux Loups
91174000BT0291,Corbeil-Essonnes,91,BT,0291,21123.0,0.0,0.0,
91312000AM0296,Igny,91,AM,0296,28402.0,0.0,0.0,
920780000C0218,Villeneuve-la-Garenne,92,0C,0218,24119.0,0.0,0.0,
920360000N0148,Gennevilliers,92,0N,0148,24632.0,0.0,0.0,
920780000B0154,Villeneuve-la-Garenne,92,0B,0154,23657.0,0.0,0.0,Zone industrielle du Val de Seine
920360000F0016,Gennevilliers,92,0F,0016,29716.0,0.0,0.0,Port de Gennevilliers
92002000CM0172,Antony,92,CM,0172,25462.0,0.0,0.0,Antonypole
920780000C0174,Villeneuve-la-Garenne,92,0C,0174,20482.0,0.0,0.0,
92050000AG0186,Nanterre,92,AG,0186,28089.0,0.0,0.0,SNCF Campus Maintenance & Travaux IDF
920360000O0187,Gennevilliers,92,0O,0187,21507.0,0.0,0.0,
920360000F0198,Gennevilliers,92,0F,0198,29005.0,0.0,0.0,Port de Gennevilliers
920780000N0204,Villeneuve-la-Garenne,92,0N,0204,23324.0,0.0,0.0,
920500000O0208,Nanterre,92,0O,0208,22080.0,0.0,0.0,Autocars Delion
920360000E0212,Gennevilliers,92,0E,0212,25155.0,0.0,0.0,Port de Gennevilliers
92025000BY0217,Colombes,92,BY,0217,23311.0,0.0,0.0,
920360000E0148,Gennevilliers,92,0E,0148,28711.0,0.0,0.0,Port de Gennevilliers
920360000D0022,Gennevilliers,92,0D,0022,20188.0,0.0,0.0,Mole 1-2
920780000N0237,Villeneuve-la-Garenne,92,0N,0237,20953.0,0.0,0.0,
920360000P0237,Gennevilliers,92,0P,0237,20876.0,0.0,0.0,
920360000E0024,Gennevilliers,92,0E,0024,20904.0,0.0,0.0,Port de Gennevilliers
920500000A0298,Nanterre,92,0A,0298,27010.0,0.0,0.0,Loxam
920500000A0301,Nanterre,92,0A,0301,22134.0,0.0,0.0,Parcours
920360000P0043,Gennevilliers,92,0P,0043,25445.0,0.0,0.0,
92023000BI0437,Clamart,92,BI,0437,24009.0,0.0,0.0,
920360000E0044,Gennevilliers,92,0E,0044,23863.0,0.0,0.0,Port de Gennevilliers
920360000E0045,Gennevilliers,92,0E,0045,23908.0,0.0,0.0,Port de Gennevilliers
92063000AB0457,Rueil-Malmaison,92,AB,0457,23208.0,0.0,0.0,Fuchs Lubrifiant France
92050000AH0460,Nanterre,92,AH,0460,22578.0,0.0,0.0,
91226000ZD0044,Étréchy,91,ZD,0044,26420.0,0.0,0.0,Parc d'Activité de la Juine
913760000A0378,Marolles-en-Hurepoix,91,0A,0378,30000.0,0.0,0.0,
91687000AR0038,Viry-Châtillon,91,AR,0038,26126.0,0.0,0.0,Zone industrielle des Noues de Seine
916890000Z0380,Wissous,91,0Z,0380,20004.0,0.0,0.0,
91201000AM0388,Draveil,91,AM,0388,28888.0,0.0,0.0,
91223000AC0390,Étampes,91,AC,0390,26011.0,0.0,0.0,Parc SUDESSOR
91223000AB0391,Étampes,91,AB,0391,24479.0,0.0,0.0,Parc SUDESSOR
91223000ZI0396,Étampes,91,ZI,0396,23082.0,0.0,0.0,Zone d'activités du Bois Bourdon
91228182AI0004,Évry-Courcouronnes,91,AI,0004,23300.0,0.0,0.0,
91315000AH0403,Itteville,91,AH,0403,28366.0,0.0,0.0,ArianeGroup
916890000H0041,Wissous,91,0H,0041,23348.0,0.0,0.0,Parc ICADE Paris Orly-Rungis
914320000E0414,Morangis,91,0E,0414,22102.0,0.0,0.0,
91315000AH0431,Itteville,91,AH,0431,29015.0,0.0,0.0,ArianeGroup
940340000J0063,Fresnes,94,0J,0063,25613.0,0.0,0.0,Sofrege
91161000AB0446,Chilly-Mazarin,91,AB,0446,20879.0,0.0,0.0,
91235000AA0045,Fleury-Mérogis,91,AA,0045,23592.0,0.0,0.0,Zone d'Activités Économiques Les Radars
91086000AZ0046,Bondoufle,91,AZ,0046,23875.0,0.0,0.0,ZAC de la Tremblaie
91244000AE0048,Fontenay-le-Vicomte,91,AE,0048,20838.0,0.0,0.0,Zone d'Activité de la Nozole
91340000AH0048,Lisses,91,AH,0048,27275.0,0.0,0.0,
91016000AC0005,Angerville,91,AC,0005,21233.0,0.0,0.0,
920360000O0102,Gennevilliers,92,0O,0102,24835.0,0.0,0.0,
920320000C0104,Fontenay-aux-Roses,92,0C,0104,26036.0,0.0,0.0,
920360000B0110,Gennevilliers,92,0B,0110,28360.0,0.0,0.0,Turbine à combustion de Gennevilliers
920500000D0112,Nanterre,92,0D,0112,21787.0,0.0,0.0,Dépot Pétrolier de Nanterre (DPN SAS)
920780000A0127,Villeneuve-la-Garenne,92,0A,0127,26227.0,0.0,0.0,Zone industrielle du Val de Seine
920360000D0142,Gennevilliers,92,0D,0142,21580.0,0.0,0.0,Mole 1-2
95680000AI0075,Villiers-le-Bel,95,AI,0075,24994.0,0.0,0.0,
95134000ZC0056,Champagne-sur-Oise,95,ZC,0056,28650.0,0.0,0.0,
95353000AC0059,Maffliers,95,AC,0059,20656.0,0.0,0.0,Zone Industrielle des 70 Arpents
95051000AC0596,Beauchamp,95,AC,0596,26920.0,0.0,0.0,
95211000AD0596,Ennery,95,AD,0596,24028.0,0.0,0.0,ZAE La Chapelle
95051000AC0597,Beauchamp,95,AC,0597,26203.0,0.0,0.0,
95051000AC0601,Beauchamp,95,AC,0601,25151.0,0.0,0.0,
95607000BS0061,Taverny,95,BS,0061,26594.0,0.0,0.0,
95487000AD0064,Persan,95,AD,0064,22235.0,0.0,0.0,ZAC Chemin Vert
95218000AY0065,Éragny,95,AY,0065,24336.0,0.0,0.0,
95268000AS0067,Garges-lès-Gonesse,95,AS,0067,24585.0,0.0,0.0,
95572000AX0068,Saint-Ouen-l'Aumône,95,AX,0068,22010.0,0.0,0.0,Zone Industrielle d'Epluches
95270000ZL0070,Genainville,95,ZL,0070,21615.0,0.0,0.0,
956410000A0718,Vémars,95,0A,0718,22912.0,0.0,0.0,
95572000AW0055,Saint-Ouen-l'Aumône,95,AW,0055,22252.0,0.0,0.0,Zone Industrielle d'Epluches
95116000ZD0075,Bruyères-sur-Oise,95,ZD,0075,27189.0,0.0,0.0,Locapal
955100000B0757,Puiseux-Pontoise,95,0B,0757,26276.0,0.0,0.0,
95585000AN0078,Sarcelles,95,AN,0078,21284.0,0.0,0.0,
956410000A0817,Vémars,95,0A,0817,21456.0,0.0,0.0,
95371000ZD0082,Marly-la-Ville,95,ZD,0082,25274.0,0.0,0.0,
953510000E0871,Louvres,95,0E,0871,20000.0,0.0,0.0,ZAC de la Butte aux Bergers
953510000E0872,Louvres,95,0E,0872,20000.0,0.0,0.0,ZAC de la Butte aux Bergers
953510000E0886,Louvres,95,0E,0886,25500.0,0.0,0.0,ZAC de la Butte aux Bergers
956410000A0888,Vémars,95,0A,0888,28514.0,0.0,0.0,
95058000ZC0141,Bernes-sur-Oise,95,ZC,0141,27276.0,0.0,0.0,Corepa
956410000A0919,Vémars,95,0A,0919,28223.0,0.0,0.0,
955800000A0095,Saint-Witz,95,0A,0095,22199.0,0.0,0.0,Cartoucherie de Survilliers
95450000AL0427,Neuville-sur-Oise,95,AL,0427,29945.0,0.0,0.0,
95572000BD0039,Saint-Ouen-l'Aumône,95,BD,0039,22989.0,0.0,0.0,
95270000ZA0039,Genainville,95,ZA,0039,23430.0,0.0,0.0,
95277000ZR0393,Gonesse,95,ZR,0393,20431.0,0.0,0.0,Zone industrielle de la Grande Couture
95572000AL0004,Saint-Ouen-l'Aumône,95,AL,0004,25881.0,0.0,0.0,Zone Industrielle du Vert-Galant
95572000AN0004,Saint-Ouen-l'Aumône,95,AN,0004,26494.0,0.0,0.0,
95116000ZD0040,Bruyères-sur-Oise,95,ZD,0040,21210.0,0.0,0.0,Biogénie
95280000ZD0403,Goussainville,95,ZD,0403,25568.0,0.0,0.0,Zone d'activité economique du Pont de la Brèche
95127000DT0041,Cergy,95,DT,0041,20803.0,0.0,0.0,
95280000ZC0417,Goussainville,95,ZC,0417,22000.0,0.0,0.0,Zone d'activité economique du Pont de la Brèche
95487000AM0042,Persan,95,AM,0042,24513.0,0.0,0.0,ZA de l'Esches
95277000ZP0042,Gonesse,95,ZP,0042,23300.0,0.0,0.0,Garonor Ouest
95268000BB0420,Garges-lès-Gonesse,95,BB,0420,27952.0,0.0,0.0,
95018000CM0095,Argenteuil,95,CM,0095,29957.0,0.0,0.0,Parc d'Activités du Val d'Argent
95612000AE0047,Le Thillay,95,AE,0047,24349.0,0.0,0.0,ZI du Thillay
95063000AM0470,Bezons,95,AM,0470,21999.0,0.0,0.0,Zone industrielle Ouest
95018000AZ0472,Argenteuil,95,AZ,0472,27736.0,0.0,0.0,
95675000AL0048,Villeron,95,AL,0048,21742.0,0.0,0.0,
95572000AO0005,Saint-Ouen-l'Aumône,95,AO,0005,20000.0,0.0,0.0,
95572000AL0050,Saint-Ouen-l'Aumône,95,AL,0050,29406.0,0.0,0.0,
95116000ZD0050,Bruyères-sur-Oise,95,ZD,0050,25745.0,0.0,0.0,ZAE Les Aubins
95116000ZD0051,Bruyères-sur-Oise,95,ZD,0051,29336.0,0.0,0.0,ZAE Les Aubins
95277000ZD0051,Gonesse,95,ZD,0051,28753.0,0.0,0.0,
950560000A0514,Belloy-en-France,95,0A,0514,29401.0,0.0,0.0,
95280000AY0054,Goussainville,95,AY,0054,27000.0,0.0,0.0,Parc d'activité Charles de Gaulle
951010000B0548,Bray-et-Lû,95,0B,0548,26716.0,0.0,0.0,
772700000C0180,Maisoncelles-en-Brie,77,0C,0180,21238.0,0.0,0.0,TSF Studios 77
95280000AZ0114,Goussainville,95,AZ,0114,29657.0,0.0,0.0,Alpha Park
95527000AK0115,Roissy-en-France,95,AK,0115,21072.0,0.0,0.0,
95598000AL0145,Soisy-sous-Montmorency,95,AL,0145,23627.0,0.0,0.0,Zone Industrielle Les Cures
95572000AK0015,Saint-Ouen-l'Aumône,95,AK,0015,27811.0,0.0,0.0,Zone Industrielle du Vert-Galant
95572000BB0015,Saint-Ouen-l'Aumône,95,BB,0015,21184.0,0.0,0.0,
95028000ZC0015,Attainville,95,ZC,0015,20850.0,0.0,0.0,
95625000AK0157,Us,95,AK,0157,22138.0,0.0,0.0,
60089000ZB0051,Boubiers,60,ZB,0051,25553.0,0.0,0.0,
953510000B1073,Louvres,95,0B,1073,27529.0,0.0,0.0,
60670000BD0082,Verneuil-en-Halatte,60,BD,0082,28326.0,0.0,0.0,Parc Technologique Alata
602380000A0726,Fleurines,60,0A,0726,24442.0,0.0,0.0,
95430000AI0089,Montsoult,95,AI,0089,25068.0,0.0,0.0,Zone Industrielle des 70 Arpents
95371000ZD0113,Marly-la-Ville,95,ZD,0113,26602.0,0.0,0.0,
955270000C1156,Roissy-en-France,95,0C,1156,24826.0,0.0,0.0,
95277000ZP0116,Gonesse,95,ZP,0116,21800.0,0.0,0.0,Garonor Ouest
95572000AW0012,Saint-Ouen-l'Aumône,95,AW,0012,22792.0,0.0,0.0,Zone Industrielle d'Epluches
95509000ZE0121,Puiseux-en-France,95,ZE,0121,24304.0,0.0,0.0,ZAC de la Butte aux Bergers
95509000ZE0123,Puiseux-en-France,95,ZE,0123,22355.0,0.0,0.0,ZAC de la Butte aux Bergers
95658000ZA0127,Vigny,95,ZA,0127,24903.0,0.0,0.0,ZA Chemin de Vernon
95277000ZP0127,Gonesse,95,ZP,0127,25921.0,0.0,0.0,Garonor Ouest
95058000ZC0128,Bernes-sur-Oise,95,ZC,0128,23858.0,0.0,0.0,Corepa
95058000ZC0129,Bernes-sur-Oise,95,ZC,0129,27831.0,0.0,0.0,Corepa
95430000AH0013,Montsoult,95,AH,0013,22310.0,0.0,0.0,
95572000AO0013,Saint-Ouen-l'Aumône,95,AO,0013,28725.0,0.0,0.0,Air Liquide France Industrie
95572000HO0013,Saint-Ouen-l'Aumône,95,HO,0013,27816.0,0.0,0.0,
95541000ZI0001,Saint-Clair-sur-Epte,95,ZI,0001,25300.0,0.0,0.0,
95271000ZE0095,Génicourt,95,ZE,0095,29348.0,0.0,0.0,ZI des Fossettes
95018000CE0950,Argenteuil,95,CE,0950,26444.0,0.0,0.0,Parc d'Activités du Val d'Argent
95527000AK0097,Roissy-en-France,95,AK,0097,24467.0,0.0,0.0,
95572000AV0097,Saint-Ouen-l'Aumône,95,AV,0097,28064.0,0.0,0.0,
95371000AH0098,Marly-la-Ville,95,AH,0098,22526.0,0.0,0.0,
95572000AC0036,Saint-Ouen-l'Aumône,95,AC,0036,24727.0,0.0,0.0,
95277000AL0047,Gonesse,95,AL,0047,24748.0,0.0,0.0,
952110000W0473,Ennery,95,0W,0473,23379.0,0.0,0.0,ZAE La Chapelle
95572000AM0009,Saint-Ouen-l'Aumône,95,AM,0009,28370.0,0.0,0.0,
95675000AK0001,Villeron,95,AK,0001,24360.0,0.0,0.0,
95476000AX0001,Osny,95,AX,0001,21576.0,0.0,0.0,Parc d'Activité des Beaux Soleils
95572000DZ0001,Saint-Ouen-l'Aumône,95,DZ,0001,25684.0,0.0,0.0,Le Vert - Galant
95277000ZP0038,Gonesse,95,ZP,0038,25100.0,0.0,0.0,Garonor Ouest
95371000ZE0010,Marly-la-Ville,95,ZE,0010,21350.0,0.0,0.0,
95371000AH0100,Marly-la-Ville,95,AH,0100,20377.0,0.0,0.0,
95509000ZE0100,Puiseux-en-France,95,ZE,0100,27739.0,0.0,0.0,ZAC de la Butte aux Bergers
95127000AS0101,Cergy,95,AS,0101,21159.0,0.0,0.0,Cité Artisanale Francis Combe
95487000AD0103,Persan,95,AD,0103,20978.0,0.0,0.0,ZAC Chemin Vert
95058000ZC0103,Bernes-sur-Oise,95,ZC,0103,22614.0,0.0,0.0,Centre Opérationnel Bus de Berne-sur-Oise
95280000ZD0105,Goussainville,95,ZD,0105,20990.0,0.0,0.0,Zone d'activité economique du Pont de la Brèche
95658000ZA0137,Vigny,95,ZA,0137,22635.0,0.0,0.0,ZA Chemin de Vernon
95371000ZD0108,Marly-la-Ville,95,ZD,0108,24937.0,0.0,0.0,
952560000B1087,Frépillon,95,0B,1087,20130.0,0.0,0.0,ZAE des Epineaux
95527000AK0011,Roissy-en-France,95,AK,0011,25771.0,0.0,0.0,
95572000AL0011,Saint-Ouen-l'Aumône,95,AL,0011,23480.0,0.0,0.0,Zone Industrielle du Vert-Galant
94077000AL0030,Villeneuve-le-Roi,94,AL,0030,20156.0,0.0,0.0,
94074000AI0198,Valenton,94,AI,0198,21518.0,0.0,0.0,
94054000AF0002,Orly,94,AF,0002,20184.0,0.0,0.0,Site de Maintenance et de Remisage du Tramway T9
94028000BS0020,Créteil,94,BS,0020,25065.0,0.0,0.0,
940180000B0225,Charenton-le-Pont,94,0B,0225,23034.0,0.0,0.0,
940730000F0231,Thiais,94,0F,0231,28142.0,0.0,0.0,Sénia-Alouettes
94028000BN0231,Créteil,94,BN,0231,28735.0,0.0,0.0,
940540000A0243,Orly,94,0A,0243,26045.0,0.0,0.0,Sénia - Bas Marin
94019000AR0025,Chennevières-sur-Marne,94,AR,0025,27638.0,0.0,0.0,
94048000AK0026,Marolles-en-Brie,94,AK,0026,25827.0,0.0,0.0,
940110000Q0265,Bonneuil-sur-Marne,94,0Q,0265,24561.0,0.0,0.0,
940110000D0269,Bonneuil-sur-Marne,94,0D,0269,21013.0,0.0,0.0,ZA des Petits Carreaux
94077000AK0003,Villeneuve-le-Roi,94,AK,0003,25000.0,0.0,0.0,
940110000H0198,Bonneuil-sur-Marne,94,0H,0198,25000.0,0.0,0.0,
94019000AR0306,Chennevières-sur-Marne,94,AR,0306,23392.0,0.0,0.0,
94019000AR0307,Chennevières-sur-Marne,94,AR,0307,22042.0,0.0,0.0,
940740000A0314,Valenton,94,0A,0314,28085.0,0.0,0.0,Usine de dépollution des eaux usées Seine Valenton
940110000A0032,Bonneuil-sur-Marne,94,0A,0032,24831.0,0.0,0.0,
94019000AR0032,Chennevières-sur-Marne,94,AR,0032,23328.0,0.0,0.0,
94047000AH0323,Mandres-les-Roses,94,AH,0323,21519.0,0.0,0.0,
94081000DI0035,Vitry-sur-Seine,94,DI,0035,21240.0,0.0,0.0,
94028000BP0039,Créteil,94,BP,0039,21966.0,0.0,0.0,
94077000AK0004,Villeneuve-le-Roi,94,AK,0004,23600.0,0.0,0.0,
94047000AE0040,Mandres-les-Roses,94,AE,0040,20114.0,0.0,0.0,Zone d'Activités Agoparc
940540000L0403,Orly,94,0L,0403,29895.0,0.0,0.0,Sénia - Bas Marin
94028000BL0442,Créteil,94,BL,0442,23060.0,0.0,0.0,
940730000E0151,Thiais,94,0E,0151,25813.0,0.0,0.0,Sénia-Alouettes
94081000DH0067,Vitry-sur-Seine,94,DH,0067,26251.0,0.0,0.0,
940740000A0707,Valenton,94,0A,0707,27001.0,0.0,0.0,Usine de dépollution des eaux usées Seine Valenton
940110000A0075,Bonneuil-sur-Marne,94,0A,0075,29457.0,0.0,0.0,
940740000A0756,Valenton,94,0A,0756,26480.0,0.0,0.0,Usine de dépollution des eaux usées Seine Valenton
94078000AC0079,Villeneuve-Saint-Georges,94,AC,0079,21254.0,0.0,0.0,
94046000BC0008,Maisons-Alfort,94,BC,0008,21965.0,0.0,0.0,Sanofi
940740000A0844,Valenton,94,0A,0844,21998.0,0.0,0.0,Ilot 2
940740000A0845,Valenton,94,0A,0845,26906.0,0.0,0.0,Ilot 2
940110000T0092,Bonneuil-sur-Marne,94,0T,0092,26645.0,0.0,0.0,ZA des Petits Carreaux
94077000AM0094,Villeneuve-le-Roi,94,AM,0094,21260.0,0.0,0.0,
940740000A0942,Valenton,94,0A,0942,28926.0,0.0,0.0,Usine de dépollution des eaux usées Seine Valenton
94070000BB0097,Santeny,94,BB,0097,26322.0,0.0,0.0,Parc d'activité de la Butte Gayen
94081000BD0446,Vitry-sur-Seine,94,BD,0446,22083.0,0.0,0.0,
940650000N0001,Rungis,94,0N,0001,26910.0,0.0,0.0,Paprec Chantiers
94078000AC0108,Villeneuve-Saint-Georges,94,AC,0108,20471.0,0.0,0.0,
94078000AC0119,Villeneuve-Saint-Georges,94,AC,0119,27938.0,0.0,0.0,
94077000AK0122,Villeneuve-le-Roi,94,AK,0122,26991.0,0.0,0.0,
94048000AK0132,Marolles-en-Brie,94,AK,0132,26492.0,0.0,0.0,
940800000J0136,Vincennes,94,0J,0136,21347.0,0.0,0.0,Atelier de Maintenance de Fontenay
94070000BB0014,Santeny,94,BB,0014,29312.0,0.0,0.0,Parc d'activité de la Butte Gayen
94028000BP0155,Créteil,94,BP,0155,26968.0,0.0,0.0,
940440000D0169,Limeil-Brévannes,94,0D,0169,26751.0,0.0,0.0,Sodern
94047000AC0018,Mandres-les-Roses,94,AC,0018,26181.0,0.0,0.0,
940740000C0019,Valenton,94,0C,0019,23465.0,0.0,0.0,Parc d'activités de la Plaine Haute
94077000AI0019,Villeneuve-le-Roi,94,AI,0019,27329.0,0.0,0.0,
95051000AM0290,Beauchamp,95,AM,0290,23591.0,0.0,0.0,ZAE des Marcots et ZI Ouest
95063000AL0256,Bezons,95,AL,0256,25855.0,0.0,0.0,Parc d'Activités des Berges de Seine
954380000C0258,Moussy,95,0C,0258,25102.0,0.0,0.0,
95018000BH0026,Argenteuil,95,BH,0026,20045.0,0.0,0.0,
95527000AK0262,Roissy-en-France,95,AK,0262,23072.0,0.0,0.0,
95612000ZB0268,Le Thillay,95,ZB,0268,28889.0,0.0,0.0,A Park
95063000AL0270,Bezons,95,AL,0270,29457.0,0.0,0.0,Parc d'Activités des Berges de Seine
95116000ZE0278,Bruyères-sur-Oise,95,ZE,0278,21330.0,0.0,0.0,ZAE Les Aubins
95051000AM0285,Beauchamp,95,AM,0285,25638.0,0.0,0.0,ZAE des Marcots et ZI Ouest
95370000ZD0285,Marines,95,ZD,0285,22230.0,0.0,0.0,
95277000ZE0285,Gonesse,95,ZE,0285,22135.0,0.0,0.0,
95116000ZE0286,Bruyères-sur-Oise,95,ZE,0286,28528.0,0.0,0.0,
95116000ZE0288,Bruyères-sur-Oise,95,ZE,0288,24539.0,0.0,0.0,
95280000AY0025,Goussainville,95,AY,0025,20000.0,0.0,0.0,Parc d'activité Charles de Gaulle
95116000ZE0290,Bruyères-sur-Oise,95,ZE,0290,23065.0,0.0,0.0,
955410000C0003,Saint-Clair-sur-Epte,95,0C,0003,25040.0,0.0,0.0,
954590000X0030,Nucourt,95,0X,0030,26051.0,0.0,0.0,Griffine Enduction
951540000B0314,Chennevières-lès-Louvres,95,0B,0314,23528.0,0.0,0.0,Station de pompage SMCA
95280000ZD0325,Goussainville,95,ZD,0325,23437.0,0.0,0.0,Zone d'activité economique du Pont de la Brèche
954380000C0033,Moussy,95,0C,0033,21067.0,0.0,0.0,
95280000ZD0330,Goussainville,95,ZD,0330,25361.0,0.0,0.0,Zone d'activité economique du Pont de la Brèche
95277000ZR0344,Gonesse,95,ZR,0344,20647.0,0.0,0.0,Zone industrielle de la Grande Couture
95371000AI0035,Marly-la-Ville,95,AI,0035,24101.0,0.0,0.0,
95280000ZR0035,Goussainville,95,ZR,0035,21812.0,0.0,0.0,
95572000AC0037,Saint-Ouen-l'Aumône,95,AC,0037,24659.0,0.0,0.0,
953510000A0379,Louvres,95,0A,0379,26412.0,0.0,0.0,
95476000AX0020,Osny,95,AX,0020,23109.0,0.0,0.0,Parc d'Activité des Beaux Soleils
94081000CG0448,Vitry-sur-Seine,94,CG,0448,26822.0,0.0,0.0,
940540000L0455,Orly,94,0L,0455,20483.0,0.0,0.0,Sénia - Bas Marin
94044000AB0464,Limeil-Brévannes,94,AB,0464,21666.0,0.0,0.0,
94073000AK0005,Thiais,94,AK,0005,21198.0,0.0,0.0,Sénia - Bas Marin
95088000ZA0018,Bonneuil-en-France,95,ZA,0018,27700.0,0.0,0.0,Garonor Ouest
95019000AH0188,Arnouville,95,AH,0188,23790.0,0.0,0.0,Les Moulins d’Arnouville
95351000ZA0194,Louvres,95,ZA,0194,24077.0,0.0,0.0,ZAC de la Butte aux Bergers
95572000AN0002,Saint-Ouen-l'Aumône,95,AN,0002,20885.0,0.0,0.0,
95127000AS0002,Cergy,95,AS,0002,27875.0,0.0,0.0,Cité Artisanale Francis Combe
95572000AW0002,Saint-Ouen-l'Aumône,95,AW,0002,29564.0,0.0,0.0,Zone Industrielle d'Epluches
95572000AX0002,Saint-Ouen-l'Aumône,95,AX,0002,22958.0,0.0,0.0,Zone Industrielle d'Epluches
95127000DT0002,Cergy,95,DT,0002,24637.0,0.0,0.0,
91692000BN0238,Les Ulis,91,BN,0238,23479.0,0.0,0.0,
955410000D0201,Saint-Clair-sur-Epte,95,0D,0201,28735.0,0.0,0.0,
95585000AM0204,Sarcelles,95,AM,0204,25869.0,0.0,0.0,
95585000AT0205,Sarcelles,95,AT,0205,23230.0,0.0,0.0,
95052000AB0208,Beaumont-sur-Oise,95,AB,0208,22633.0,0.0,0.0,
95116000ZE0208,Bruyères-sur-Oise,95,ZE,0208,28113.0,0.0,0.0,ZAE Les Aubins
95078000ZB0021,Boissy-l'Aillerie,95,ZB,0021,24460.0,0.0,0.0,
95598000AK0210,Soisy-sous-Montmorency,95,AK,0210,29142.0,0.0,0.0,Zone Industrielle Les Cures
95351000ZA0210,Louvres,95,ZA,0210,22399.0,0.0,0.0,ZAC de la Butte aux Bergers
95116000ZE0224,Bruyères-sur-Oise,95,ZE,0224,21289.0,0.0,0.0,ZAE Les Aubins
95572000AK0023,Saint-Ouen-l'Aumône,95,AK,0023,20647.0,0.0,0.0,Zone Industrielle du Vert-Galant
95018000BW0233,Argenteuil,95,BW,0233,28332.0,0.0,0.0,Parc d'Activités des Berges de Seine
95527000AK0238,Roissy-en-France,95,AK,0238,26574.0,0.0,0.0,
77305000AM0334,Montereau-Fault-Yonne,77,AM,0334,21552.0,0.0,0.0,Parc d'entreprises du Confluent
77381000ZA0031,Quiers,77,ZA,0031,22335.0,0.0,0.0,
771040000A0031,Châtres,77,0A,0031,23395.0,0.0,0.0,
770590000B0312,Bussy-Saint-Martin,77,0B,0312,20181.0,0.0,0.0,ZAE du Gué Langlois
775340000A0314,Yèbles,77,0A,0314,21631.0,0.0,0.0,Les Portes de Yèbles
77445000ZE0314,Savigny-le-Temple,77,ZE,0314,20417.0,0.0,0.0,
77445000ZE0320,Savigny-le-Temple,77,ZE,0320,20475.0,0.0,0.0,
77305000AM0321,Montereau-Fault-Yonne,77,AM,0321,20000.0,0.0,0.0,Parc d'entreprises du Confluent
77251000ZL0321,Lieusaint,77,ZL,0321,21883.0,0.0,0.0,
774950000C3224,Vert-Saint-Denis,77,0C,3224,21422.0,0.0,0.0,
77305000AM0323,Montereau-Fault-Yonne,77,AM,0323,24000.0,0.0,0.0,Parc d'entreprises du Confluent
773060000A0323,Montereau-sur-le-Jard,77,0A,0323,20135.0,0.0,0.0,Safran - Pôle d'activités de Villaroche
77487000AC0327,Vaux-le-Pénil,77,AC,0327,21982.0,0.0,0.0,
77211000ZC0033,Grandpuits-Bailly-Carrois,77,ZC,0033,25000.0,0.0,0.0,
77327000ZA0031,Nangis,77,ZA,0031,24550.0,0.0,0.0,Sucrerie de Nangis
77067000AD0034,Cesson,77,AD,0034,23361.0,0.0,0.0,
77058000AM0034,Bussy-Saint-Georges,77,AM,0034,25709.0,0.0,0.0,Parc Gustave Eiffel
773060000A0344,Montereau-sur-le-Jard,77,0A,0344,23693.0,0.0,0.0,Safran - Site de Montereau
772150000C0346,Gretz-Armainvilliers,77,0C,0346,24102.0,0.0,0.0,
773690000C0346,Poincy,77,0C,0346,20872.0,0.0,0.0,
77307000ZA0353,Montévrain,77,ZA,0353,20135.0,0.0,0.0,Fives
77279000ZN0353,Marolles-sur-Seine,77,ZN,0353,25000.0,0.0,0.0,
773161660E0361,Moret-Loing-et-Orvanne,77,0E,0361,27480.0,0.0,0.0,Provençale SA
770480000H0362,Bourron-Marlotte,77,0H,0362,22841.0,0.0,0.0,
77058000AR0037,Bussy-Saint-Georges,77,AR,0037,25757.0,0.0,0.0,ZAC Léonard de Vinci
77340000ZI0037,Nonville,77,ZI,0037,20143.0,0.0,0.0,Forage pétrolier
774150000W0038,Saint-Jean-les-Deux-Jumeaux,77,0W,0038,28230.0,0.0,0.0,
77279000ZN0293,Marolles-sur-Seine,77,ZN,0293,25000.0,0.0,0.0,
771940000A0027,Forges,77,0A,0027,25647.0,0.0,0.0,
77016000AE0272,Bagneaux-sur-Loing,77,AE,0272,25829.0,0.0,0.0,
773840000Z0273,Réau,77,0Z,0273,28528.0,0.0,0.0,
770590000B0277,Bussy-Saint-Martin,77,0B,0277,25630.0,0.0,0.0,Dépot RER A de Torcy
77470000ZE0277,Tournan-en-Brie,77,ZE,0277,22420.0,0.0,0.0,Zones industrielles la Petite Motte et le Closeau
77445000ZH0280,Savigny-le-Temple,77,ZH,0280,28395.0,0.0,0.0,
77448000ZB0283,Sept-Sorts,77,ZB,0283,24700.0,0.0,0.0,
77284000AE0286,Meaux,77,AE,0286,20920.0,0.0,0.0,
774310000D0029,Saint-Pierre-lès-Nemours,77,0D,0029,25223.0,0.0,0.0,
77146000AD0029,Croissy-Beaubourg,77,AD,0029,21307.0,0.0,0.0,
77258000AI0029,Lognes,77,AI,0029,21094.0,0.0,0.0,
77284000AM0291,Meaux,77,AM,0291,27731.0,0.0,0.0,Chaufferie géothermique de Beauval
773010000C0383,Montceaux-lès-Provins,77,0C,0383,22028.0,0.0,0.0,
77108000BS0297,Chelles,77,BS,0297,20372.0,0.0,0.0,E.A.E. La Tuilerie
77445000BL0003,Savigny-le-Temple,77,BL,0003,24490.0,0.0,0.0,
77211000ZB0003,Grandpuits-Bailly-Carrois,77,ZB,0003,21150.0,0.0,0.0,Raffinerie de Grandpuits
771940000A0030,Forges,77,0A,0030,25257.0,0.0,0.0,
77490000ZD0030,Vendrest,77,ZD,0030,24477.0,0.0,0.0,
77067000BA0302,Cesson,77,BA,0302,22393.0,0.0,0.0,
774820000B0302,Varennes-sur-Seine,77,0B,0302,29784.0,0.0,0.0,
77279000ZN0303,Marolles-sur-Seine,77,ZN,0303,20000.0,0.0,0.0,
773730000A3070,Pontault-Combault,77,0A,3070,28634.0,0.0,0.0,
77181000ZA0309,Ferrières-en-Brie,77,ZA,0309,25384.0,0.0,0.0,Parc d'activité du Nid de Grives
77146000AD0031,Croissy-Beaubourg,77,AD,0031,23100.0,0.0,0.0,
77094000ZA0031,Charmentray,77,ZA,0031,26043.0,0.0,0.0,Casse auto
78168000AR0042,Coignières,78,AR,0042,20025.0,0.0,0.0,Zones d'activités de Pariwest
78551000AZ0037,Saint-Germain-en-Laye,78,AZ,0037,20316.0,0.0,0.0,
784990000A0372,Ponthévrard,78,0A,0372,29256.0,0.0,0.0,
78621000AM0038,Trappes,78,AM,0038,26145.0,0.0,0.0,Legendre
78029000AN0389,Aubergenville,78,AN,0389,26196.0,0.0,0.0,
78310000ZK0039,Houdan,78,ZK,0039,20000.0,0.0,0.0,
78335000BA0393,Limay,78,BA,0393,23327.0,0.0,0.0,Zone industrielle Limay Porcheville
78168000AH0004,Coignières,78,AH,0004,26246.0,0.0,0.0,Zone industrielle du Marais
78220000AH0004,Les Essarts-le-Roi,78,AH,0004,28571.0,0.0,0.0,
78297000AT0004,Guyancourt,78,AT,0004,29766.0,0.0,0.0,Les Sangliers
78005000AB0407,Achères,78,AB,0407,23584.0,0.0,0.0,
78291000BB0041,Guerville,78,BB,0041,21560.0,0.0,0.0,Duthoit
782380000A0413,Flins-sur-Seine,78,0A,0413,28054.0,0.0,0.0,Usine Renault Pierre Lefaucheux
784900000P0368,Plaisir,78,0P,0368,24890.0,0.0,0.0,
782690000D0428,Gazeran,78,0D,0428,22717.0,0.0,0.0,Parc d'activités Bel Air - La Forêt
78310000ZH0430,Houdan,78,ZH,0430,20564.0,0.0,0.0,Zone d'Activité Commerciale la Prévoté
78440000AX0434,Les Mureaux,78,AX,0434,25126.0,0.0,0.0,
91086000AM0202,Bondoufle,91,AM,0202,24933.0,0.0,0.0,ZI La Marinière
78621000AM0045,Trappes,78,AM,0045,22049.0,0.0,0.0,Parc d'activités de Trappes–Élancourt
78356000AX0045,Magny-les-Hameaux,78,AX,0045,25501.0,0.0,0.0,Parc d'Activité de Gomberville
785580000E0457,Saint-Illiers-la-Ville,78,0E,0457,21093.0,0.0,0.0,
78490000BT0047,Plaisir,78,BT,0047,26724.0,0.0,0.0,
785670000A4791,Saint-Martin-la-Garenne,78,0A,4791,28900.0,0.0,0.0,
78440000AB0048,Les Mureaux,78,AB,0048,20000.0,0.0,0.0,
78335000BH0048,Limay,78,BH,0048,25000.0,0.0,0.0,Zone industrielle Limay Porcheville
785580000B0005,Saint-Illiers-la-Ville,78,0B,0005,28330.0,0.0,0.0,
786200000A0032,Toussus-le-Noble,78,0A,0032,22200.0,0.0,0.0,
77305000AM0383,Montereau-Fault-Yonne,77,AM,0383,24806.0,0.0,0.0,Parc d'entreprises du Confluent
78310000ZH0269,Houdan,78,ZH,0269,26599.0,0.0,0.0,Zone d'Activité Commerciale la Prévoté
78146000AM0027,Chatou,78,AM,0027,22889.0,0.0,0.0,
78490000BV0027,Plaisir,78,BV,0027,22051.0,0.0,0.0,
78440000AB0028,Les Mureaux,78,AB,0028,26267.0,0.0,0.0,
782200000C2845,Les Essarts-le-Roi,78,0C,2845,20671.0,0.0,0.0,
781380000B2954,Chanteloup-les-Vignes,78,0B,2954,24064.0,0.0,0.0,
78356000AH0003,Magny-les-Hameaux,78,AH,0003,29992.0,0.0,0.0,
78146000AE0030,Chatou,78,AE,0030,23031.0,0.0,0.0,
785500000C0031,Saint-Germain-de-la-Grange,78,0C,0031,22200.0,0.0,0.0,
78005000AB0310,Achères,78,AB,0310,28982.0,0.0,0.0,
78267000AD0317,Gargenville,78,AD,0317,21221.0,0.0,0.0,Zone d'Activités des Garennes
770480000F0266,Bourron-Marlotte,77,0F,0266,21519.0,0.0,0.0,EDAC
78208000AY0032,Élancourt,78,AY,0032,24000.0,0.0,0.0,Parc d'activités de Trappes–Élancourt
78440000AC0328,Les Mureaux,78,AC,0328,21472.0,0.0,0.0,
78545000AM0335,Saint-Cyr-l'École,78,AM,0335,21583.0,0.0,0.0,Sous Station de Saint-Cyr
783830000W0337,Maurepas,78,0W,0337,27255.0,0.0,0.0,Zones d'activités de Pariwest
78220000AH0034,Les Essarts-le-Roi,78,AH,0034,28473.0,0.0,0.0,
78423000BK0034,Montigny-le-Bretonneux,78,BK,0034,26105.0,0.0,0.0,
78073000BL0034,Bois-d'Arcy,78,BL,0034,27321.0,0.0,0.0,Zone Artisanale Croix Bonnet
78498000AX0344,Poissy,78,AX,0344,21641.0,0.0,0.0,Usine Stellantis de Poissy
786150000I0035,Thiverval-Grignon,78,0I,0035,26030.0,0.0,0.0,
78267000AB0035,Gargenville,78,AB,0035,21225.0,0.0,0.0,Zone industrielle pétrolière
78586000AD0353,Sartrouville,78,AD,0353,24525.0,0.0,0.0,Za du Prunay
78343000ZA0036,Les Loges-en-Josas,78,ZA,0036,21785.0,0.0,0.0,Zone Industrielle La Porte des Loges
600860000Y0098,Boran-sur-Oise,60,0Y,0098,20536.0,0.0,0.0,
60176000AM0077,Crépy-en-Valois,60,AM,0077,21654.0,0.0,0.0,Zone industrielle les portes du Valois
60463000AO0791,Nogent-sur-Oise,60,AO,0791,29569.0,0.0,0.0,Zone du Grand Pré
60517000ZD0008,Puiseux-le-Hauberger,60,ZD,0008,20040.0,0.0,0.0,
60525000ZN0008,Raray,60,ZN,0008,22223.0,0.0,0.0,
60083000AE0809,Bonneuil-en-Valois,60,AE,0809,21524.0,0.0,0.0,
953940000D0139,Méry-sur-Oise,95,0D,0139,20115.0,0.0,0.0,"Les Bosquets (I,II,IV)"
60670000BD0083,Verneuil-en-Halatte,60,BD,0083,23256.0,0.0,0.0,Parc Technologique Alata
60395000ZR0084,Méru,60,ZR,0084,23926.0,0.0,0.0,Zone industrielle le Bosquet
602380000A0848,Fleurines,60,0A,0848,25505.0,0.0,0.0,
603800000C0880,Mareuil-sur-Ourcq,60,0C,0880,25754.0,0.0,0.0,
60012000AB0009,Andeville,60,AB,0009,22259.0,0.0,0.0,
60570000AB0093,Saint-Crépin-Ibouvillers,60,AB,0093,24680.0,0.0,0.0,
600860000Y0097,Boran-sur-Oise,60,0Y,0097,25051.0,0.0,0.0,
600870000Z0076,Borest,60,0Z,0076,21522.0,0.0,0.0,
75112000DN0010,Paris,75,DN,0010,21815.0,0.0,0.0,
75119000CB0012,Paris,75,CB,0012,20523.0,0.0,0.0,
75118000CU0031,Paris,75,CU,0031,29699.0,0.0,0.0,
75118000BX0053,Paris,75,BX,0053,20278.0,0.0,0.0,RATP Cap Ateliers Championnet
75116000CR0006,Paris,75,CR,0006,25690.0,0.0,0.0,Services Municipaux
75114000CF0007,Paris,75,CF,0007,25063.0,0.0,0.0,
75118000CT0007,Paris,75,CT,0007,22975.0,0.0,0.0,
75118000CV0083,Paris,75,CV,0083,23851.0,0.0,0.0,
77327000AB0018,Nangis,77,AB,0018,21805.0,0.0,0.0,Sucrerie de Nangis
77479000AD0018,Vaires-sur-Marne,77,AD,0018,23176.0,0.0,0.0,ZAC du Gué de Launay
77146000AE0018,Croissy-Beaubourg,77,AE,0018,20550.0,0.0,0.0,
77378000AE0018,Pringy,77,AE,0018,24877.0,0.0,0.0,Zone d'Activités des Longues raies
60175000AN0063,Creil,60,AN,0063,28007.0,0.0,0.0,Parc Technologique Alata
60176000ZH0051,Crépy-en-Valois,60,ZH,0051,22030.0,0.0,0.0,Zone industrielle les portes du Valois
600440000A0516,Balagny-sur-Thérain,60,0A,0516,20754.0,0.0,0.0,
60010000ZL0052,Amblainville,60,ZL,0052,21076.0,0.0,0.0,
60414000AX0540,Montataire,60,AX,0540,22645.0,0.0,0.0,Les Marches de l'Oise
60570000ZA0056,Saint-Crépin-Ibouvillers,60,ZA,0056,29612.0,0.0,0.0,
60155000ZE0057,Cires-lès-Mello,60,ZE,0057,25454.0,0.0,0.0,
602380000A0574,Fleurines,60,0A,0574,25870.0,0.0,0.0,
60321000ZC0006,Ivry-le-Temple,60,ZC,0006,28880.0,0.0,0.0,
60570000ZA0060,Saint-Crépin-Ibouvillers,60,ZA,0060,29139.0,0.0,0.0,
606700000C0060,Verneuil-en-Halatte,60,0C,0060,20248.0,0.0,0.0,Centrale solaire de l'Aérodrome de Creil
60463000AO0061,Nogent-sur-Oise,60,AO,0061,20070.0,0.0,0.0,Espace Burton
60500000AD0062,Le Plessis-Belleville,60,AD,0062,21444.0,0.0,0.0,
77152000AI0018,Dammarie-les-Lys,77,AI,0018,25188.0,0.0,0.0,
60175000BL0063,Creil,60,BL,0063,20291.0,0.0,0.0,ZAET Creil Saint-Maximin
604330000C0646,Mortefontaine-en-Thelle,60,0C,0646,26264.0,0.0,0.0,
60414000AP0065,Montataire,60,AP,0065,20206.0,0.0,0.0,Plaine Industrielle
603410000Z0068,Lagny-le-Sec,60,0Z,0068,26080.0,0.0,0.0,
60398000ZD0068,Le Mesnil-en-Thelle,60,ZD,0068,22048.0,0.0,0.0,Les quatre rainettes
600200000B0007,Antilly,60,0B,0007,20135.0,0.0,0.0,
60575000AM0007,Sainte-Geneviève,60,AM,0007,20173.0,0.0,0.0,Alcopa Auction
60395000AW0071,Méru,60,AW,0071,28864.0,0.0,0.0,
604690000B0720,Novillers,60,0B,0720,24419.0,0.0,0.0,
606860000W0721,Villers-sous-Saint-Leu,60,0W,0721,20265.0,0.0,0.0,
95585000AN0139,Sarcelles,95,AN,0139,26813.0,0.0,0.0,
602380000A0727,Fleurines,60,0A,0727,29182.0,0.0,0.0,
773840000Y0243,Réau,77,0Y,0243,26786.0,0.0,0.0,Safran - Pôle d'activités de Villaroche
77449000AH0023,Serris,77,AH,0023,25414.0,0.0,0.0,Datacenter Banque de France
77449000AI0023,Serris,77,AI,0023,25074.0,0.0,0.0,
77058000AR0023,Bussy-Saint-Georges,77,AR,0023,27415.0,0.0,0.0,ZAC Léonard de Vinci
77477000ZA0236,Ury,77,ZA,0236,25430.0,0.0,0.0,
77407000AV0237,Saint-Fargeau-Ponthierry,77,AV,0237,29486.0,0.0,0.0,
770480000H0238,Bourron-Marlotte,77,0H,0238,20233.0,0.0,0.0,
775140000A0239,Villeparisis,77,0A,0239,26773.0,0.0,0.0,
77479000AD0024,Vaires-sur-Marne,77,AD,0024,25674.0,0.0,0.0,ZAC du Gué de Launay
77322000ZK0024,Moussy-le-Neuf,77,ZK,0024,20128.0,0.0,0.0,
774440000Y0024,Sancy-lès-Provins,77,0Y,0024,21860.0,0.0,0.0,
774640000Z0241,Thorigny-sur-Marne,77,0Z,0241,22729.0,0.0,0.0,Zone d'activité des Hauts de Vallière
774640000Z0243,Thorigny-sur-Marne,77,0Z,0243,20582.0,0.0,0.0,Zone d'activité des Hauts de Vallière
77305000AN0229,Montereau-Fault-Yonne,77,AN,0229,20000.0,0.0,0.0,YARA France
77169000AD0246,Émerainville,77,AD,0246,27178.0,0.0,0.0,
77181000ZA0246,Ferrières-en-Brie,77,ZA,0246,24302.0,0.0,0.0,Parc d'activité du Nid de Grives
771040000A0025,Châtres,77,0A,0025,21744.0,0.0,0.0,
77058000AM0025,Bussy-Saint-Georges,77,AM,0025,26957.0,0.0,0.0,Parc Gustave Eiffel
77058000AR0025,Bussy-Saint-Georges,77,AR,0025,21909.0,0.0,0.0,ZAC Léonard de Vinci
77325000ZE0025,Mouy-sur-Seine,77,ZE,0025,27688.0,0.0,0.0,
77322000ZL0025,Moussy-le-Neuf,77,ZL,0025,24506.0,0.0,0.0,
77431000AE0250,Saint-Pierre-lès-Nemours,77,AE,0250,27696.0,0.0,0.0,
773730000B2541,Pontault-Combault,77,0B,2541,20696.0,0.0,0.0,
77448000ZB0256,Sept-Sorts,77,ZB,0256,24198.0,0.0,0.0,
77337000AE0259,Noisiel,77,AE,0259,20097.0,0.0,0.0,ZAE Noisiel 2
77058000AO0026,Bussy-Saint-Georges,77,AO,0026,20979.0,0.0,0.0,Parc Gustave Eiffel
77294000BK0192,Mitry-Mory,77,BK,0192,20300.0,0.0,0.0,
77445000BK0018,Savigny-le-Temple,77,BK,0018,25015.0,0.0,0.0,
77437000ZA0018,Saint-Soupplets,77,ZA,0018,20000.0,0.0,0.0,
95058000ZC0142,Bernes-sur-Oise,95,ZC,0142,27672.0,0.0,0.0,Corepa
772960000C1841,Moissy-Cramayel,77,0C,1841,29964.0,0.0,0.0,Parc d'activités de l'A5-Sénart
774820000B1847,Varennes-sur-Seine,77,0B,1847,22418.0,0.0,0.0,
773900000D1848,Roissy-en-Brie,77,0D,1848,23841.0,0.0,0.0,Parc d'Activités de la Forge
771820000G0185,La Ferté-Gaucher,77,0G,0185,23170.0,0.0,0.0,
77139000BD0186,Courtry,77,BD,0186,23306.0,0.0,0.0,Zone industrielle La Régale
77449000AI0019,Serris,77,AI,0019,23971.0,0.0,0.0,
77445000BL0019,Savigny-le-Temple,77,BL,0019,28892.0,0.0,0.0,
77322000ZL0019,Moussy-le-Neuf,77,ZL,0019,20949.0,0.0,0.0,
77291000AH0191,Le Mesnil-Amelot,77,AH,0191,20183.0,0.0,0.0,
78029000AN0444,Aubergenville,78,AN,0444,25020.0,0.0,0.0,
77145000ZI0196,Crisenoy,77,ZI,0196,21000.0,0.0,0.0,
77294000BK0197,Mitry-Mory,77,BK,0197,20329.0,0.0,0.0,
774090000A1994,Saint-Germain-Laval,77,0A,1994,21237.0,0.0,0.0,
774090000A1996,Saint-Germain-Laval,77,0A,1996,24373.0,0.0,0.0,
77389000AD0020,La Rochette,77,AD,0020,20195.0,0.0,0.0,ZAE Bel Air
77322000ZL0020,Moussy-le-Neuf,77,ZL,0020,30000.0,0.0,0.0,
77257000ZO0020,Lizy-sur-Ourcq,77,ZO,0020,25782.0,0.0,0.0,Zone industrielle des Carreaux
77211000ZA0021,Grandpuits-Bailly-Carrois,77,ZA,0021,27880.0,0.0,0.0,Raffinerie de Grandpuits
77146000AE0212,Croissy-Beaubourg,77,AE,0212,28788.0,0.0,0.0,
771420000A0214,Crécy-la-Chapelle,77,0A,0214,26785.0,0.0,0.0,
773690000C0218,Poincy,77,0C,0218,24230.0,0.0,0.0,
775140000A0219,Villeparisis,77,0A,0219,22942.0,0.0,0.0,
91458000AI0072,Nozay,91,AI,0072,25460.0,0.0,0.0,Zone d'Activités de la Butte
91534000ZT0058,Saclay,91,ZT,0058,23496.0,0.0,0.0,CEA Paris-Saclay
91461000AA0006,Ollainville,91,AA,0006,20175.0,0.0,0.0,
91136000AE0006,Champlan,91,AE,0006,28012.0,0.0,0.0,Zone industrielle des Clotais
916310000V0060,Varennes-Jarcy,91,0V,0060,20016.0,0.0,0.0,
912260000B0060,Étréchy,91,0B,0060,28020.0,0.0,0.0,Parc d'Activité de la Juine
91228182AI0062,Évry-Courcouronnes,91,AI,0062,24748.0,0.0,0.0,
91521000AN0064,Ris-Orangis,91,AN,0064,22658.0,0.0,0.0,
913300000B0065,Lardy,91,0B,0065,25050.0,0.0,0.0,Centre d'essais Renault Lardy
91552000BA0066,Saint-Germain-lès-Arpajon,91,BA,0066,22627.0,0.0,0.0,
91228182AE0067,Évry-Courcouronnes,91,AE,0067,29613.0,0.0,0.0,
91047000ZD0068,Baulne,91,ZD,0068,23420.0,0.0,0.0,
91223000AC0007,Étampes,91,AC,0007,21690.0,0.0,0.0,Parc SUDESSOR
91223000AC0705,Étampes,91,AC,0705,24590.0,0.0,0.0,Parc SUDESSOR
91479000AB0058,Paray-Vieille-Poste,91,AB,0058,25167.0,0.0,0.0,
91086000BA0072,Bondoufle,91,BA,0072,29708.0,0.0,0.0,ZAC de la Tremblaie
914940000C0073,Le Plessis-Pâté,91,0C,0073,27258.0,0.0,0.0,ZAC de la Tremblaie
914320000F0747,Morangis,91,0F,0747,23949.0,0.0,0.0,
914320000K0787,Morangis,91,0K,0787,21844.0,0.0,0.0,
916310000V0080,Varennes-Jarcy,91,0V,0080,29252.0,0.0,0.0,Sivom
914680000A0825,Ormoy,91,0A,0825,21150.0,0.0,0.0,
91235000AA0086,Fleury-Mérogis,91,AA,0086,25584.0,0.0,0.0,Zone d'Activités Économiques Les Radars
91425000AD0088,Montlhéry,91,AD,0088,27295.0,0.0,0.0,
91016000AC0009,Angerville,91,AC,0009,29496.0,0.0,0.0,
91235000AA0092,Fleury-Mérogis,91,AA,0092,23957.0,0.0,0.0,Zone d'Activités Économiques Les Radars
916890000C0094,Wissous,91,0C,0094,23754.0,0.0,0.0,Orlyval
91345000AB0095,Longjumeau,91,AB,0095,20520.0,0.0,0.0,Zone industrielle du Chemin Blanc
78361000AV0162,Mantes-la-Jolie,78,AV,0162,25644.0,0.0,0.0,Zone d'activités Henri IV
78297000AW0014,Guyancourt,78,AW,0014,29767.0,0.0,0.0,Les Sangliers
78208000BF0014,Élancourt,78,BF,0014,23056.0,0.0,0.0,Parc d'Activités de Pissaloup - Paris-Saclay
78208000BI0014,Élancourt,78,BI,0014,29046.0,0.0,0.0,Parc d'Activités de Pissaloup - Paris-Saclay
78073000BL0014,Bois-d'Arcy,78,BL,0014,25200.0,0.0,0.0,Zone Artisanale Croix Bonnet
782690000D0503,Gazeran,78,0D,0503,23549.0,0.0,0.0,Parc d'activités Bel Air - La Forêt
78423000AM0015,Montigny-le-Bretonneux,78,AM,0015,20000.0,0.0,0.0,Zone d'activités de l'Observatoire
78220000AV0015,Les Essarts-le-Roi,78,AV,0015,26330.0,0.0,0.0,Zone artisanale de l'Aqueduc
78070000ZD0153,Boinville-en-Mantois,78,ZD,0153,29979.0,0.0,0.0,
78586000AN0159,Sartrouville,78,AN,0159,24384.0,0.0,0.0,Za du Prunay
785310000K1593,Rosny-sur-Seine,78,0K,1593,26504.0,0.0,0.0,Parc d'activités des Marceaux
78168000AH0016,Coignières,78,AH,0016,24540.0,0.0,0.0,
78297000AW0016,Guyancourt,78,AW,0016,26653.0,0.0,0.0,Les Sangliers
784720000G0160,Orsonville,78,0G,0160,24824.0,0.0,0.0,
915110000O0967,Pussay,91,0O,0967,26055.0,0.0,0.0,
78118000ZH0163,Buchelay,78,ZH,0163,29179.0,0.0,0.0,Zone industrielle Mantes - Buchelay
782960000E0169,Guitrancourt,78,0E,0169,21065.0,0.0,0.0,Zone industrielle Limay Porcheville
914940000B0546,Le Plessis-Pâté,91,0B,0546,23415.0,0.0,0.0,Les Ruches
91458000AA0055,Nozay,91,AA,0055,20076.0,0.0,0.0,"Nokia Paris, Saclay"
91521000AO0055,Ris-Orangis,91,AO,0055,26734.0,0.0,0.0,
91689000AE0554,Wissous,91,AE,0554,29897.0,0.0,0.0,
91223000AC0555,Étampes,91,AC,0555,21381.0,0.0,0.0,Parc SUDESSOR
91161000AB0557,Chilly-Mazarin,91,AB,0557,25947.0,0.0,0.0,
91228182AT0056,Évry-Courcouronnes,91,AT,0056,29297.0,0.0,0.0,Parc d'activités Petite Montagne Nord
91191000AB0568,Crosne,91,AB,0568,28563.0,0.0,0.0,Parc d'activités de la Plaine Haute
913630000A0579,Marcoussis,91,0A,0579,20000.0,0.0,0.0,Parc d'activités de La Fontaine de Jouvence
91045000AB0058,Ballancourt-sur-Essonne,91,AB,0058,21869.0,0.0,0.0,Zone d'activité des Gros
913380000V0176,Limours,91,0V,0176,28049.0,0.0,0.0,Thales Land and Air Systems
91286000AT0150,Grigny,91,AT,0150,22904.0,0.0,0.0,Zone d'Activités Économiques Les Radars
916480000V0154,Vert-le-Grand,91,0V,0154,20710.0,0.0,0.0,
91228182AI0155,Évry-Courcouronnes,91,AI,0155,23824.0,0.0,0.0,
914770000H0155,Palaiseau,91,0H,0155,27150.0,0.0,0.0,Centre d'intégration Nano-Innov
913380000V0157,Limours,91,0V,0157,23187.0,0.0,0.0,Thales Land and Air Systems
91477000AN0158,Palaiseau,91,AN,0158,22497.0,0.0,0.0,Parc d'Activités Gutenberg
916170000B1584,Tigery,91,0B,1584,21521.0,0.0,0.0,
91378000ZA0163,Mauchamps,91,ZA,0163,21240.0,0.0,0.0,Groupement des Mousquetaires - Base Logistique de Mauchamps
916480000B0165,Vert-le-Grand,91,0B,0165,22903.0,0.0,0.0,Serivel
91477000AN0167,Palaiseau,91,AN,0167,20148.0,0.0,0.0,ZA Les Glaises
916170000B1692,Tigery,91,0B,1692,28731.0,0.0,0.0,
91458000AA0017,Nozay,91,AA,0017,20702.0,0.0,0.0,Anciens abattoirs de Nozay (Lunézy)
91086000AH0170,Bondoufle,91,AH,0170,24449.0,0.0,0.0,ZI La Marinière
916890000X0147,Wissous,91,0X,0147,24455.0,0.0,0.0,
91657000AC0179,Vigneux-sur-Seine,91,AC,0179,28942.0,0.0,0.0,Cimenterie Matrif
91377000BE0018,Massy,91,BE,0018,21477.0,0.0,0.0,Énoris
91086000AM0180,Bondoufle,91,AM,0180,22421.0,0.0,0.0,
911090000A1874,Brières-les-Scellés,91,0A,1874,20194.0,0.0,0.0,Parc SUDESSOR
91103000BC0189,Brétigny-sur-Orge,91,BC,0189,20000.0,0.0,0.0,Parc d'Activité Maison Neuve - Les Cochets
91376000AK0190,Marolles-en-Hurepoix,91,AK,0190,23532.0,0.0,0.0,
916490000B1944,Vert-le-Petit,91,0B,1944,28700.0,0.0,0.0,PMC Isochem
91201000AM0199,Draveil,91,AM,0199,20262.0,0.0,0.0,Centre opérationel bus de Draveil
910270000O0002,Athis-Mons,91,0O,0002,21940.0,0.0,0.0,Allo Casse Auto
91228182AE0002,Évry-Courcouronnes,91,AE,0002,24566.0,0.0,0.0,
91458000AA0020,Nozay,91,AA,0020,27910.0,0.0,0.0,"Nokia Paris, Saclay"
91136000AE0202,Champlan,91,AE,0202,23905.0,0.0,0.0,
91377000BD0011,Massy,91,BD,0011,27375.0,0.0,0.0,ZAE La Bonde I
91103000BC0097,Brétigny-sur-Orge,91,BC,0097,29057.0,0.0,0.0,Parc d'Activité Maison Neuve - Les Cochets
91340000AN0099,Lisses,91,AN,0099,23225.0,0.0,0.0,Parc Technologique du Bois Chaland
914770000H0156,Palaiseau,91,0H,0156,27915.0,0.0,0.0,Centre d'intégration Nano-Innov
91226000ZC0375,Étréchy,91,ZC,0375,23717.0,0.0,0.0,
91377000AX0107,Massy,91,AX,0107,21711.0,0.0,0.0,
91589000BE0443,Savigny-sur-Orge,91,BE,0443,23188.0,0.0,0.0,
91235000AN0328,Fleury-Mérogis,91,AN,0328,20782.0,0.0,0.0,ZI La Marinière
91161000AB0001,Chilly-Mazarin,91,AB,0001,23230.0,0.0,0.0,
91016000AC0001,Angerville,91,AC,0001,25134.0,0.0,0.0,
91016000AE0001,Angerville,91,AE,0001,30000.0,0.0,0.0,
91338000AN0010,Limours,91,AN,0010,20810.0,0.0,0.0,
91085000ZE0104,Boissy-sous-Saint-Yon,91,ZE,0104,29579.0,0.0,0.0,
916790000B0108,Villiers-le-Bâcle,91,0B,0108,26007.0,0.0,0.0,CEA Paris-Saclay
78389000ZL0014,Méré,78,ZL,0014,21184.0,0.0,0.0,
91103000AK1125,Brétigny-sur-Orge,91,AK,1125,21786.0,0.0,0.0,
912940000P0116,Guillerval,91,0P,0116,20003.0,0.0,0.0,
91482000ZD0118,Pecqueuse,91,ZD,0118,22089.0,0.0,0.0,
91086000AE0012,Bondoufle,91,AE,0012,25432.0,0.0,0.0,ZI La Marinière
911590000H0125,Chevannes,91,0H,0125,22503.0,0.0,0.0,
916610000E1254,Villebon-sur-Yvette,91,0E,1254,20029.0,0.0,0.0,
91235000AA0128,Fleury-Mérogis,91,AA,0128,27337.0,0.0,0.0,
91659000AN0013,Villabé,91,AN,0013,21732.0,0.0,0.0,Parc d'activités Les Quarante-quatre Arpents
91129000AL1318,Cerny,91,AL,1318,21618.0,0.0,0.0,Usine béton mécanique
91086000AI0132,Bondoufle,91,AI,0132,26493.0,0.0,0.0,ZI La Marinière
91340000AY0134,Lisses,91,AY,0134,26000.0,0.0,0.0,
91103000BC0141,Brétigny-sur-Orge,91,BC,0141,25670.0,0.0,0.0,Parc d'Activité Maison Neuve - Les Cochets
78501000AK0081,Porcheville,78,AK,0081,25493.0,0.0,0.0,Linde
78624000BM0074,Triel-sur-Seine,78,BM,0074,22885.0,0.0,0.0,S.B.V.S.
78123000AE0754,Carrières-sous-Poissy,78,AE,0754,26441.0,0.0,0.0,Direction des routes et des transports - Centre d'exploitation
78343000ZA0076,Les Loges-en-Josas,78,ZA,0076,23020.0,0.0,0.0,Zone Industrielle de la Croix Blanche
783890000A0768,Méré,78,0A,0768,22342.0,0.0,0.0,
78314000ZE0077,Issou,78,ZE,0077,20021.0,0.0,0.0,Zone industrielle pétrolière
78124000BH0078,Carrières-sur-Seine,78,BH,0078,22740.0,0.0,0.0,Zone industrielle Ouest
783890000A0787,Méré,78,0A,0787,23365.0,0.0,0.0,
78124000BH0079,Carrières-sur-Seine,78,BH,0079,20058.0,0.0,0.0,Zone industrielle Ouest
78123000AI0799,Carrières-sous-Poissy,78,AI,0799,22869.0,0.0,0.0,
785580000B0008,Saint-Illiers-la-Ville,78,0B,0008,22930.0,0.0,0.0,
78123000AE0803,Carrières-sous-Poissy,78,AE,0803,28170.0,0.0,0.0,Centre Technique PSA de Carrières-sous-poissy
78168000AE0081,Coignières,78,AE,0081,25670.0,0.0,0.0,
78168000AH0074,Coignières,78,AH,0074,28796.0,0.0,0.0,Zone industrielle du Marais
78314000ZE0081,Issou,78,ZE,0081,23675.0,0.0,0.0,Zone industrielle pétrolière
78501000AK0082,Porcheville,78,AK,0082,21863.0,0.0,0.0,Linde
78616000ZT0083,Thoiry,78,ZT,0083,28418.0,0.0,0.0,Usine de méthanisation
785510000A0849,Saint-Germain-en-Laye,78,0A,0849,28546.0,0.0,0.0,
78172000AD0869,Conflans-Sainte-Honorine,78,AD,0869,24689.0,0.0,0.0,
782170000D0875,Épône,78,0D,0875,28268.0,0.0,0.0,ZAE La Couronne des Prés
78440000BE0009,Les Mureaux,78,BE,0009,24603.0,0.0,0.0,
78062000ZA0094,Beynes,78,ZA,0094,22967.0,0.0,0.0,
783140000B0953,Issou,78,0B,0953,20170.0,0.0,0.0,Zone industrielle pétrolière
782170000D0953,Épône,78,0D,0953,21400.0,0.0,0.0,ZAE La Couronne des Prés
782550000D0963,Freneuse,78,0D,0963,23638.0,0.0,0.0,
78327000AA0065,Juziers,78,AA,0065,20874.0,0.0,0.0,
78118000ZD0506,Buchelay,78,ZD,0506,29007.0,0.0,0.0,Zone industrielle Mantes - Buchelay
78498000AY0548,Poissy,78,AY,0548,26914.0,0.0,0.0,Usine Stellantis de Poissy
78498000AY0553,Poissy,78,AY,0553,27928.0,0.0,0.0,Usine Stellantis de Poissy
78486000AS0058,Le Perray-en-Yvelines,78,AS,0058,22907.0,0.0,0.0,Zone d'activités du Chemin Vert
78498000AY0583,Poissy,78,AY,0583,21068.0,0.0,0.0,Usine Stellantis de Poissy
78343000ZA0060,Les Loges-en-Josas,78,ZA,0060,26546.0,0.0,0.0,Zone Industrielle de la Croix Blanche
78486000BB0061,Le Perray-en-Yvelines,78,BB,0061,21022.0,0.0,0.0,Eiffage Construction
78123000AI0616,Carrières-sous-Poissy,78,AI,0616,23208.0,0.0,0.0,Centre Technique PSA de Carrières-sous-poissy
78168000AH0062,Coignières,78,AH,0062,22984.0,0.0,0.0,Raffinerie du Midi
78073000BL0062,Bois-d'Arcy,78,BL,0062,29443.0,0.0,0.0,Zone Artisanale Croix Bonnet
78168000AH0063,Coignières,78,AH,0063,23958.0,0.0,0.0,Zone industrielle du Marais
78621000AK0063,Trappes,78,AK,0063,29960.0,0.0,0.0,Parc d'activités de Trappes–Élancourt
78335000BI0138,Limay,78,BI,0138,21094.0,0.0,0.0,Zone portuaire Limay Porcheville
78071000AC0065,Boinville-le-Gaillard,78,AC,0065,27458.0,0.0,0.0,
78168000AL0066,Coignières,78,AL,0066,29011.0,0.0,0.0,
78486000BB0066,Le Perray-en-Yvelines,78,BB,0066,22833.0,0.0,0.0,Eiffage Construction
78073000BK0066,Bois-d'Arcy,78,BK,0066,25715.0,0.0,0.0,
78335000BH0067,Limay,78,BH,0067,21047.0,0.0,0.0,Zone industrielle Limay Porcheville
785500000C0007,Saint-Germain-de-la-Grange,78,0C,0007,20130.0,0.0,0.0,
78440000AB0007,Les Mureaux,78,AB,0007,29980.0,0.0,0.0,
78208000BK0007,Élancourt,78,BK,0007,25635.0,0.0,0.0,Parc d'Activités de Pissaloup - Paris-Saclay
78073000BK0071,Bois-d'Arcy,78,BK,0071,25540.0,0.0,0.0,
783200000B0723,Notre-Dame-de-la-Mer,78,0B,0723,21056.0,0.0,0.0,
78624000BM0073,Triel-sur-Seine,78,BM,0073,21294.0,0.0,0.0,SIVATRU
78029000AM1078,Aubergenville,78,AM,1078,22261.0,0.0,0.0,"Zone d'activités ""Les Chevries"""
78123000AR0021,Carrières-sous-Poissy,78,AR,0021,20087.0,0.0,0.0,Auto-Destruction
78624000BI0093,Triel-sur-Seine,78,BI,0093,20245.0,0.0,0.0,
782380000A0001,Flins-sur-Seine,78,0A,0001,22590.0,0.0,0.0,Usine Renault Pierre Lefaucheux
78644000AA0001,La Verrière,78,AA,0001,29955.0,0.0,0.0,
78545000AO0001,Saint-Cyr-l'École,78,AO,0001,24040.0,0.0,0.0,Centre d'exploitation - Direction des Routes Yvelines
78455000AM0011,Noisy-le-Roi,78,AM,0011,22667.0,0.0,0.0,
78297000AW0001,Guyancourt,78,AW,0001,26828.0,0.0,0.0,Les Sangliers
78640000AI0108,Vélizy-Villacoublay,78,AI,0108,23838.0,0.0,0.0,
782060000A1852,Ecquevilly,78,0A,1852,23835.0,0.0,0.0,Centre Opérationel Bus - Ecquevilly
78440000BD1045,Les Mureaux,78,BD,1045,21000.0,0.0,0.0,
78029000AM1026,Aubergenville,78,AM,1026,26906.0,0.0,0.0,"Zone d'activités ""Les Chevries"""
78389000ZK0010,Méré,78,ZK,0010,20335.0,0.0,0.0,
78335000BC0100,Limay,78,BC,0100,28081.0,0.0,0.0,PCAS
78062000ZK0102,Beynes,78,ZK,0102,28455.0,0.0,0.0,Station de compression Storengy de Beynes
78003000ZA0101,Ablis,78,ZA,0101,22517.0,0.0,0.0,
78297000BM0013,Guyancourt,78,BM,0013,25300.0,0.0,0.0,Les Sangliers
785580000B0101,Saint-Illiers-la-Ville,78,0B,0101,21792.0,0.0,0.0,
78310000AK0118,Houdan,78,AK,0118,28410.0,0.0,0.0,
78029000AC0013,Aubergenville,78,AC,0013,24330.0,0.0,0.0,Usine Renault Pierre Lefaucheux
78335000BC0098,Limay,78,BC,0098,24715.0,0.0,0.0,Zone industrielle Limay Porcheville
782170000D0126,Épône,78,0D,0126,21120.0,0.0,0.0,ZAE La Couronne des Prés
785010000B1224,Porcheville,78,0B,1224,25158.0,0.0,0.0,Centre de production thermique de Porcheville
78062000WA0012,Beynes,78,WA,0012,27500.0,0.0,0.0,
78498000AY0119,Poissy,78,AY,0119,23794.0,0.0,0.0,Usine Stellantis de Poissy
783670000A1183,Mareil-Marly,78,0A,1183,25508.0,0.0,0.0,
78644000AD0014,La Verrière,78,AD,0014,23386.0,0.0,0.0,
785310000K1179,Rosny-sur-Seine,78,0K,1179,25368.0,0.0,0.0,Parc d'activités des Marceaux
78440000AH0114,Les Mureaux,78,AH,0114,28161.0,0.0,0.0,ArianeGroup
78335000BK0111,Limay,78,BK,0111,22899.0,0.0,0.0,Zone portuaire Limay Porcheville
78172000AD0987,Conflans-Sainte-Honorine,78,AD,0987,24975.0,0.0,0.0,
78206000AE0131,Ecquevilly,78,AE,0131,21439.0,0.0,0.0,
783800000E0111,Maule,78,0E,0111,26431.0,0.0,0.0,Zone Artisanale Les Lézardes
78551000BH0110,Saint-Germain-en-Laye,78,BH,0110,27260.0,0.0,0.0,
95211000AD0584,Ennery,95,AD,0584,27486.0,0.0005523819514958517,0.0,ZAE La Chapelle
93005000CS0206,Aulnay-sous-Bois,93,CS,0206,21796.0,1.1864538617332225,0.0,
930550000S0062,Pantin,93,0S,0062,21121.0,7.747402237937854,0.0,Elis
91235000AA0082,Fleury-Mérogis,91,AA,0082,22216.0,12.508158011119516,0.1,
91521000AN0070,Ris-Orangis,91,AN,0070,26096.0,15.614785278535816,0.1,
920360000F0069,Gennevilliers,92,0F,0069,26227.0,19.005924927431856,0.1,Port de Gennevilliers
78267000AB0037,Gargenville,78,AB,0037,27235.0,22.614085680598972,0.1,Zone industrielle pétrolière
930570000C0028,Les Pavillons-sous-Bois,93,0C,0028,27919.0,25.938807513162246,0.1,
773161660A2100,Moret-Loing-et-Orvanne,77,0A,2100,29312.0,27.463718969715732,0.1,Site des Renardières
785170000F0268,Rambouillet,78,0F,0268,24518.0,30.340057592464927,0.1,
770320000E0379,Beton-Bazoches,77,0E,0379,20193.0,35.81997038692725,0.2,
940220000V0046,Choisy-le-Roi,94,0V,0046,25934.0,47.21066022905871,0.2,
78501000AK0091,Porcheville,78,AK,0091,26424.0,56.1987531074231,0.2,Zone industrielle Limay Porcheville
91103000BC0007,Brétigny-sur-Orge,91,BC,0007,21086.0,55.47849559910732,0.3,Parc d'Activité Maison Neuve - Les Cochets
78158000AE0335,Le Chesnay-Rocquencourt,78,AE,0335,20650.0,72.25807287713882,0.3,S.G.A.P. B.T.A.M.D.
940730000F0209,Thiais,94,0F,0209,20106.0,76.6928351282273,0.4,Sénia-Alouettes
78490000AA0328,Plaisir,78,AA,0328,25259.0,100.21818398400497,0.4,Zone Industrielle des Ébisoires
78545000AA0095,Saint-Cyr-l'École,78,AA,0095,22476.0,119.10706253611339,0.5,
95572000BX0021,Saint-Ouen-l'Aumône,95,BX,0021,24998.0,147.42089740027353,0.6,
93031000BC0043,Épinay-sur-Seine,93,BC,0043,25015.0,150.19693636139326,0.6,Zone d'Activité Economique de la Route de Saint-Leu
940380000M0270,L'Haÿ-les-Roses,94,0M,0270,22021.0,168.51486293014887,0.8,Centrale de géothermie de L'Haÿ les Roses
785170000F0166,Rambouillet,78,0F,0166,24750.0,209.58748023782908,0.8,
775340000A0313,Yèbles,77,0A,0313,22372.0,213.0965423136737,1.0,Les Portes de Yèbles
94017000CD0209,Champigny-sur-Marne,94,CD,0209,21814.0,219.26772005914583,1.0,ZAC du Marché Rollay
940730000F0215,Thiais,94,0F,0215,26692.0,313.19106695937546,1.2,Sénia-Alouettes
774820000B0298,Varennes-sur-Seine,77,0B,0298,22791.0,275.49771661740533,1.2,
920500000T0073,Nanterre,92,0T,0073,28792.0,438.9610752367688,1.5,Déménagement Durand
91521000AC0072,Ris-Orangis,91,AC,0072,28934.0,554.9137505478454,1.9,
920360000D0018,Gennevilliers,92,0D,0018,29276.0,563.7510446045246,1.9,Mole 1-2
91191000AB0033,Crosne,91,AB,0033,22800.0,475.91564180871046,2.1,Parc d'activités de la Plaine Haute
78343000ZA0013,Les Loges-en-Josas,78,ZA,0013,30000.0,1001.2198937534762,3.3,Zone Industrielle de la Croix Blanche
78123000AR0541,Carrières-sous-Poissy,78,AR,0541,23365.0,1896.802925787476,8.1,
94081000DF0195,Vitry-sur-Seine,94,DF,0195,27844.0,2372.882035583276,8.5,
94022000AB0034,Choisy-le-Roi,94,AB,0034,26666.0,3109.7678468085996,11.7,Usine de production d'eau potable de Choisy-le-Roi
